"""","7111 家計外消費支出（列）","7211 家計消費支出","7212 対家計民間非営利団体消費支出","7311 一般政府消費支出","7321 一般政府消費支出（社会資本等減耗分）","7411 県内総固定資本形成（公的）","7511 県内総固定資本形成（民間）","7611 在庫純増","7711 調整項","8100 移輸出"," 平均"
"0111 穀類","0.0013615544723169777","0.0016696777011765188","0.00036391196057563126","0.0001748700178093894","0.000020831449225277404","0.000003746279902976106","0.000010044465538026484","-0.0010940504111581315","0.00007091114730062162","0.000756220648653079","0.0008806748724000663"
"0112 いも・豆類","0.000013134754747111031","0.000008531606484464598","0.000002607008578261995","0.000001465350029940045","0.000000168158896398759","0.000000009492129399748","0.000000007872160419788","0.00002244233822125981","0.000001084348394684728","0.000021886877289709753","0.000012635220550933526"
"0113 野菜","0.0011919738453833543","0.001117142758904005","0.000286115158803676","0.00013988059932676698","0.000013855074913627304","0.000000800638870676462","0.000000470616948175195","0.00010783170234858293","0.00005855418015506263","0.0023679131562376354","0.00139966655652966"
"0114 果実","0.0012009911353008638","0.000952409670508497","0.0003580475318867563","0.0001355824344661759","0.00001318387639435144","0.000000979084227986196","0.0015451846705603779","0.000045990928305922914","0.000279843552543058","0.015107583388041143","0.006902463046718097"
"0115 その他の食用作物","0.000001846347080155254","0.000001518916523464655","0.000000232194478956487","0.000000158263280934647","0.000000050324419489242","0.000000015918226443651","0.000000381141951003856","0.000001696090482991308","0.00000094189808051818","0.000010121008013852675","0.000004896147963486745"
"0116 非食用作物","0.00013620056027840243","0.00011558968824767173","0.00003842511448480025","0.000005326279981244632","0.000002931774126592776","0.0001458506708922084","0.00003234760067019295","0.00001901616253943963","0.0012488531678568808","0.001473360818230722","0.0006780375228144697"
"0121 畜産","0.0002669815422850152","0.00016630597792481643","0.00003695279998238201","0.00002488016488408502","0.000005866255801523112","0.000000714745162967793","0.000059834178670439294","0.00002436949205052474","0.00004432070306743272","0.0002668228865431145","0.00017784072925438953"
"0131 農業サービス","0.00032605802461462344","0.0005370316795008108","0.0002510758387763471","0.00006230823616672601","0.00004103833100827949","0.000003091114572602439","0.00008579302026748696","-0.00006792837047375145","0.000042813403265093835","0.0008509303981999661","0.0005524750185895682"
"0151 育林","0.000000893918429169529","0.000000737116486234708","0.000000674400859344336","0.000000344030702392233","0.000000423668049554755","0.000016136811946469043","0.000029853920803346444","0.03461505358196453","0.000003773282759802351","0.00022932818639973684","0.0004476026880168198"
"0152 素材","0.000001497345256856746","0.00000123469640897753","0.000001129645496734521","0.000000576263698823925","0.000000709659096157031","0.000019346898113386524","0.000050006382299329694","0.000013922005064190495","0.000006320383223800728","0.00038413289285043267","0.00016899607486873592"
"0153 特用林産物","0.00008402190221417189","0.00005490362821451935","0.000007856180603838158","0.000004644014928972839","0.000000654724488581559","0.000002073810064458994","0.000000652791200946497","0.00000354023556534677","0.00000371176522223805","0.0002931614063025905","0.0001445153350513023"
"0171 海面漁業","0.0002569622525479956","0.000142573344510495","0.00003981744870098737","0.000022007729200058315","0.000002124294185997617","0.000000458377576266114","0.000000672128561144203","0.00008112467979911817","0.000686343248754657","0.002411015758979666","0.0010836281024994363"
"0172 内水面漁業","0.00022252766949876798","0.00005657127399910634","0.00002123213530768876","0.000013157224937473451","0.000000922670924921819","0.000000151593000804674","0.000000098007008254086","0.000004398511808184039","0.000040995905142419536","0.00010478559813494887","0.00006744048969060768"
"0611 金属鉱物","0.0","0.0","0.0","0.0","0.0","0.0","0.0","0.0","0.0","0.0","0.0"
"0621 石炭・原油・天然ガス","0.0","0.0","0.0","0.0","0.0","0.0","0.0","0.0","0.0","0.0","0.0"
"0631 砂利・砕石","0.000000469003375174399","0.000001442855284997248","0.000000458889879449079","0.000000821222880760041","0.000001891538648863014","0.0012457794237548789","0.0002573563045877975","-0.00010722547605734204","0.00004029192461840423","0.00020164372052238312","0.00014404151428064208"
"0639 その他の鉱物","0.0","0.0","0.0","0.0","0.0","0.0","0.0","0.0","0.0","0.0","0.0"
"1111 食肉","0.00019959193281434345","0.00012488722470569756","0.000013189246978109878","0.000008765728693344848","0.000000968611741452776","0.000000190737057698509","0.000000173286420564981","0.00006457054585855024","0.000028663124510934955","0.0000664138696758293","0.00007233663765409442"
"1112 畜産食料品","0.00015274398286688816","0.00014836784720833067","0.000020335988982117572","0.000011376248686954782","0.000001470039734161423","0.000000063668323760229","0.000000044173353912441","0.000028707447782903393","0.00000154563719058744","0.00005929161216515464","0.00007596926356248772"
"1113 水産食料品","0.001067085679111724","0.001037236704505181","0.0001483197811107095","0.00007841659406508375","0.000008550675737887727","0.0000004700071362295","0.000000290740523765218","0.00015611695885136529","0.001101009140541961","0.001095784774439326","0.0008233425591502056"
"1114 精穀・製粉","0.00019881865902077328","0.00024514534624427305","0.00005264399997228231","0.000025502295566692297","0.000002857844462554279","0.000000232905287541179","0.000000288442922701948","-0.000006699869746631175","0.000007102611888506352","0.00009715795780083821","0.00012477280294046842"
"1115 めん・パン・菓子類","0.001208963787630612","0.0014011458835972363","0.00007373990085066339","0.00003308941099299427","0.000004664812374156497","0.00000044597361660062","0.000000259647703959625","0.0001509944970600486","0.000180201873165677","0.001052819823427842","0.000914947908144474"
"1116 農産保存食料品","0.0005096118758929644","0.0005076612474886653","0.00007262701415130797","0.00003874784669418908","0.000004193833371859979","0.000000261929290700194","0.000000162831128686708","0.00130149253354713","0.0006961581587883355","0.005825501019932476","0.002675981772430832"
"1117 砂糖・油脂・調味料類","0.00023201156896286156","0.00013846765093791346","0.000022294744166355904","0.000013654973143275086","0.00000163951518958313","0.000000811878874308968","0.000000742756202396054","0.00009250405591386817","0.0002588214668386567","0.0006321297050113689","0.0003201449007092784"
"1119 その他の食料品","0.00241726259337427","0.0020410457310898506","0.00027329395468225656","0.0004690566551255995","0.00009601102926292161","0.000000934259367306939","0.000000648589079736039","0.0005019545386763878","0.0001541371475767676","0.0020522041675701498","0.001613201783840438"
"1121 酒類","0.0008384360962420354","0.00026403978692415516","0.000003540231301091599","0.000007002700377759428","0.00000035508704321454","0.000000748152317493325","0.000000447490114438704","0.00004402584905485939","0.00006261604504595954","0.0006239306210355181","0.0003631046505824516"
"1129 その他の飲料","0.002017403097629451","0.001303854142507352","0.00013702211248823367","0.00007905519941315497","0.000008518072849428938","0.000001391813563860033","0.000001439186243234346","0.00005402634704792656","0.00035057406813323943","0.006359694519837748","0.0031685974336603563"
"1131 飼料・有機質肥料（別掲を除く。）","0.00000833924948255454","0.000012008082122133488","0.000003698996747456183","0.000001805176594243366","0.000001124132929134398","0.000000432483252986377","0.000001499519018906652","0.000001103902057601656","0.00000261028214086863","0.00008643955985435674","0.0000412224070474206"
"1141 たばこ","0.0","0.0","0.0","0.0","0.0","0.0","0.0","0.0","0.0","0.0","0.0"
"1511 紡績","0.000000887234326223873","0.000000737117117621182","0.000000338467821344056","0.000000276055301948565","0.000000205926602287528","0.000000316932081846825","0.000000649738166375036","0.00003691182844340618","0.00024372480234899918","0.00012684190516333465","0.000055279089910334065"
"1512 織物","0.000001165163921514978","0.000001706530804787838","0.000000641498093658379","0.000000475726783306755","0.00000041786427748959","0.000000613767505469526","0.000000885087975407381","-0.00002576780289426896","0.00393025710452812","0.0005396852505194894","0.00023691038533000378"
"1513 ニット生地","0.000009845000255227664","0.000006388849425648013","0.000004956005153199705","0.000002822453229505065","0.000002100009928152567","0.000006477499480100623","0.000003980530155134155","0.0011532238538637868","0.022457628569694896","0.0022703333276131625","0.0010180828958914689"
"1514 染色整理","0.00000376293768549144","0.000003160133245079658","0.000002093274144262742","0.00000152159560265849","0.000001182535693761875","0.000002355312764223827","0.000004414897953170158","-0.000006852795512396103","0.0003819009890258246","0.0016719444115076854","0.000716732885751703"
"1519 その他の繊維工業製品","0.000018156759921015597","0.000017321998142663685","0.000010083388580067227","0.000008060965108719713","0.000007747565112289512","0.000013324672359013981","0.00005766861473666459","-0.00024938316770078554","0.0007129788169462537","0.00043148217997269995","0.0001942665159706029"
"1521 衣服","0.000004698867658944387","0.0000219298045822733","0.000023110401243256608","0.000003515565373709692","0.00000586029361620012","0.000001695698160024531","0.000005703544171548776","-0.00001583096565141549","0.0002159368997189378","0.0009725140574578575","0.0004239116494838198"
"1522 その他の衣服・身の回り品","0.00008948014833344644","0.00009862782026353791","0.000008248237059959329","0.000003606349642426719","0.000005027262573290182","0.00000558304961814927","0.00000149079585344948","0.00002194011202787256","0.00012416865384700214","0.00031830205915404756","0.0001696278358962825"
"1529 その他の繊維既製品","0.00019281766926438956","0.00009437315539768833","0.00004222006876569277","0.00005503053279458905","0.00003704563729872665","0.000042408475597860835","0.00014395275006303299","-0.00006437898790717847","0.00019569490148492528","0.001183933004228919","0.0005564235250117345"
"1611 木材","0.000012283131659982052","0.00001219720318751088","0.00001702088106655071","0.000008595652122962982","0.00001130275593554312","0.0003007401335642681","0.000802324266420382","-0.000046967945097556584","0.00010055217065598477","0.001618465611405571","0.0007633252615332707"
"1619 その他の木製品","0.0001355892106053648","0.00006003700879774451","0.000038946371564815756","0.000025039021502686423","0.000020980908392946326","0.0003884049410432253","0.0013899380736658933","0.00026371195848561057","0.0001433653293205501","0.0018967984619712873","0.000948905063375107"
"1621 家具・装備品","0.0002521917243555141","0.00015402563235281458","0.0006824696119267999","0.00019224031943978326","0.00013700541736808076","0.00016269347167068018","0.0006669573251933238","0.00013317036037249782","0.0008470728854861471","0.0018758906622145914","0.0009369016038517212"
"1631 パルプ","0.0","0.0","0.0","0.0","0.0","0.0","0.0","0.0","0.0","0.0","0.0"
"1632 紙・板紙","0.0","0.0","0.0","0.0","0.0","0.0","0.0","0.0","0.0","0.00003141002948108414","0.000013424921835366867"
"1633 加工紙","0.000052075154124786676","0.00005375197940636707","0.00002836311705153883","0.00001841689954361031","0.000016233280916167022","0.00006539144785401886","0.00018917514917290588","-0.0001226114311322525","0.00022296462617983997","0.00039614328069033047","0.00020405881189757637"
"1641 紙製容器","0.0003409956901625505","0.00029927143494042617","0.00012005368200724335","0.00008062126956181929","0.00005216198341809188","0.00009618346008964229","0.0001219883642943134","-0.00031782535625819475","0.0004932113925390786","0.0017372394578785422","0.0008612482208030064"
"1649 その他の紙加工品","0.00025647988644546114","0.00006880718037587741","0.0001709824121723747","0.00009390848213375735","0.000052159388204603086","0.000031647885179876985","0.000014163652002695018","0.000014481839549664153","0.00012875449432825102","0.0002226846557024854","0.00013488097938121546"
"1911 印刷・製版・製本","0.0006356089052597958","0.0006596673990895264","0.0031499681179942554","0.0008608860954200389","0.00127443609992432","0.00024898454376911724","0.00018421521191694607","0.00011147261078557357","0.0005633633719812919","0.0011168632322582197","0.0008528773871880124"
"2011 化学肥料","0.000010720154489905647","0.000011397123604786953","0.000002716529502647083","0.000001374499652361561","0.000000350187215111693","0.000006711687771875473","0.000003278817936364699","-0.000014092537231558932","0.0000931609466244195","0.00009436986349172692","0.000044697092698927353"
"2021 ソーダ工業製品","0.000019264407340330354","0.000024641435907973444","0.000011918249131696094","0.000006567464881251954","0.000023403846195799967","0.000009999601863114568","0.000006261638148153201","0.00006692916779395807","0.0006506954685940723","0.00048579430644350724","0.00021922107655869658"
"2029 その他の無機化学工業製品","0.00008293423317875189","0.0000713987906307163","0.00004975269411968231","0.00007757832518737767","0.00007522382845495903","0.00011840285437397944","0.00006708504504936322","0.0007810899903103006","0.0029357268719388627","0.0018891711791212788","0.0008615641013167805"
"2031 石油化学基礎製品","0.000003594865646868311","0.000003692759889677464","0.000002994004488566186","0.000004392741329093599","0.000001478241142676161","0.000003966407892910496","0.000003494689785129057","0.000976615639831141","0.012904533036746324","0.0033151043688876176","0.0014478383348800951"
"2041 脂肪族中間物・環式中間物","0.000006789197877868964","0.000007687273106914263","0.000004441739567231228","0.000003843942144926058","0.000001646199390986828","0.00000468014741690733","0.000003887900631779229","0.00016671404783775824","0.01873329579426814","0.0023685717587218513","0.0010450906798190893"
"2042 合成ゴム","0.0","0.0","0.0","0.0","0.0","0.0","0.0","0.0","0.0","0.0","0.0"
"2049 その他の有機化学工業製品","0.000015780972840386243","0.00001587883596304329","0.000012053353576583268","0.000020913341220406986","0.000007359755660333167","0.000012404458369958502","0.000010754154623211296","0.00026323801017607553","0.004030459339836084","0.002079316005426674","0.0009061032537588203"
"2051 合成樹脂","0.000001682967403240658","0.000001771889467271509","0.00000118015767102883","0.00000169374902916329","0.000000806693015409875","0.000003084392303535883","0.000002808908040155601","0.00003938711790630921","0.001057080481005751","0.00024787179614070326","0.00010897877725180164"
"2061 化学繊維","0.000000275886147625046","0.000000174847835897769","0.000000088985676142085","0.000000074794217373943","0.000000057343566200441","0.000000076643124772909","0.000000249620433769144","0.000003899779762041376","0.000024198646150579878","0.000004790953893003291","0.00000221116359641338"
"2071 医薬品","0.0000707452346829721","0.00004382301704571177","0.000024001138151203706","0.0003618923831117943","0.000004293844789124782","0.000000277859442251278","0.000000170009686114475","0.0000763667797848653","0.00009851480355857695","0.0009505580204444285","0.00046023790856775354"
"2081 油脂加工製品・石けん・界面活性剤・化粧品","0.000573936064598506","0.0007458348492936816","0.00011764932554255786","0.00010050170842258561","0.00003830361742817985","0.00010001689576511723","0.000060553321950585584","0.0023530416801486745","0.005690219635613986","0.014483240907208405","0.006485184888023518"
"2082 塗料・印刷インキ","0.000005259292569698838","0.000010895166201961917","0.000014050140700834316","0.000007254284097711431","0.000014937189393359046","0.00006012149011359662","0.00005307724993105528","0.000011021982819364812","0.0004603758877364305","0.00029808732177045907","0.00013851360528960866"
"2083 写真感光材料","0.0","0.0","0.0","0.0","0.0","0.0","0.0","0.0","0.0","0.000002586708310206929","0.000001105581798206683"
"2084 農薬","0.000020063381902067158","0.000026785754528864073","0.000004827334850325174","0.000003954419781461098","0.000007167074247942806","0.000000826069850033665","0.000008617183730214505","0.0006103099651530083","0.0010858395943379698","0.0009176327508593794","0.00040985496662090644"
"2089 その他の化学最終製品","0.00026656947902531884","0.00019787140781700555","0.0002898619878833389","0.00017966918255421968","0.00007305141703210606","0.00016065817862991773","0.00015668216838461574","0.0019217371430503677","0.02194956632665571","0.0046795626722037215","0.002156516267530579"
"2111 石油製品","0.0014886319033236364","0.004729491278655639","0.001393198159012315","0.0014412427464993145","0.0019806511393448104","0.003156759114602582","0.0010894052509464968","0.03490542015864902","0.03882506828795808","0.0706254072529534","0.03247757090411955"
"2121 石炭製品","0.00002006894082098815","0.000025223390568586437","0.000025114835373237436","0.000016017059220390096","0.00001380918791648417","0.0009745580273291441","0.00011144613083632076","0.000959474274397366","0.0007746698609290647","0.0017494279122953098","0.0008080223542321994"
"2211 プラスチック製品","0.00012993669681081669","0.00014288158748203885","0.00007474633950116986","0.00004648322605249923","0.00006637050221337347","0.00027218546594431117","0.00017878045025153275","0.000016529089251850052","0.0054066282442351","0.00421577809007607","0.0018848590256855086"
"2221 タイヤ・チューブ","0.000000043595037444859","0.000000167444819483364","0.000000045376209841138","0.000000064704129074607","0.000000134986212430611","0.000000114361036768827","0.00000005517721077787","0.00000000246717630309","0.0000963333915803229","0.00004162912030666235","0.000018005189285080253"
"2229 その他のゴム製品","0.00010231838048010794","0.00020050206363457943","0.0002654728491649506","0.00012826242363632684","0.00012288245340481117","0.0002763499912906478","0.0000992711650341628","-0.0014187282114145171","0.0027332492387917434","0.001550244000962674","0.0007505321007254516"
"2311 革製履物","0.000000604130069699305","0.000021912277471814794","0.000000290464663607742","0.000001103201991563589","0.000003288863025531068","0.00000055677843165743","0.000000305274727010909","-0.00002826507628039432","0.000000352803941862859","0.000000608273183123732","0.000007107311559900108"
"2312 なめし革・毛皮・その他の革製品","0.000040305176084007585","0.00003616559461549173","0.000010047157958165947","0.000001993969902646253","0.000002330025329590205","0.000000734870510770457","0.000000689469994211397","-0.000020997596970681746","0.00015225621678384172","0.00008667628973391365","0.0000494353004055274"
"2511 ガラス・ガラス製品","0.000002435082038244702","0.000001045445889225189","0.000000976894120910471","0.000001255339575157087","0.000001077894155146688","0.000002777824045218629","0.000004257320048111739","-0.000002990495615240841","0.000055249006801679336","0.000007353366569378268","0.000004106446679053411"
"2521 セメント・セメント製品","0.000032598402672683285","0.00010485270953610438","0.00006407702516338944","0.00007105058488112155","0.00012660079816160437","0.01208851411927662","0.003098101189152244","-0.002520987378283421","0.0007096556423375555","0.0023130519270535095","0.0016162026487212824"
"2531 陶磁器","0.000001272283357813768","0.000000409029950273287","0.000001034144138931447","0.000000600318607680264","0.000000246930795914884","0.000002019602650124263","0.000003160112872370897","0.000000066428080556893","0.000001385111256494632","0.000002122829487147316","0.000001421462311980005"
"2591 建設用土石製品","0.000000208788452708642","0.000000680896938016057","0.000000363110561939543","0.000000528932197705061","0.000000883143569093365","0.000007597449467174664","0.00000952918370288165","0.000000129036218969049","0.00000347623271217496","0.000002325357488196646","0.000002211163596413354"
"2599 その他の窯業・土石製品","0.00004359165702762051","0.000059111443411669887","0.000028559269573098658","0.000021337270053399794","0.00003419595497687451","0.000478689391840801","0.00022979955040441672","0.00035539761615878954","0.0037035688408832714","0.0016806977865160442","0.0007813304508183516"
"2611 銑鉄・粗鋼","0.0002739711017432172","0.0004430670733181404","0.0007578329209728396","0.0005097966408507675","0.00040039369498685444","0.005459210786673466","0.0031338978372940883","0.06258471655993238","0.017356829652311213","0.045058166335183863","0.020518018772147185"
"2612 鉄屑","0.0","0.0","0.0","0.0","0.0","0.0","0.0","0.0","0.0","0.0","0.0"
"2621 熱間圧延鋼材","0.00004369352749696072","0.00007019090734095355","0.00010486110623036073","0.000077900620851455","0.00007751062670202347","0.002193914550584289","0.0012468287204089469","0.01690006140104426","0.008016671215723867","0.010323823131901588","0.004785589783666072"
"2622 鋼管","0.000039584150002919156","0.00006528578281225562","0.00011244726804107129","0.00007484082173569587","0.00005725724346982929","0.0008880889864586333","0.0005944757719395697","0.0011719906427142253","0.02014962152444061","0.016998488010325434","0.007408345689526101"
"2623 冷延・めっき鋼材","0.000024802606102271732","0.00003638794325002709","0.000036338256213910694","0.000029562803968744405","0.00004063708494739198","0.00045467572373278917","0.00030814296066304257","0.004771321313824358","0.005803771714918992","0.0048540627323849376","0.0021833661112013116"
"2631 鋳鍛造品","0.000000065439393171864","0.000000068252967317176","0.000000054132382111008","0.000000039807173323707","0.00000009268147811204","0.000002356275517356768","0.000004537455156080998","0.000002733549198966678","0.00004574686643162971","0.0001761541558926725","0.00007581132330560116"
"2699 その他の鉄鋼製品","0.000011518616673606662","0.000012424770348277945","0.000014689068708363815","0.00001221021452855521","0.000017502223202675336","0.00012346231477064956","0.00011992029884386422","0.00039772569816653904","0.001515404737617885","0.0021595864999730545","0.000947483601063127"
"2711 非鉄金属製錬・精製","0.000000281949287427611","0.000001919759857534084","0.00000018509210963527","0.000000265023820277129","0.000000184650519738608","0.000001371819872308943","0.000001869155216271672","-0.000005458777542657741","0.00013747650495549615","0.00005907959234069035","0.000026218082643187004"
"2712 非鉄金属屑","0.0","0.0","0.0","0.0","0.0","0.0","0.0","0.0","0.0","0.0","0.0"
"2721 電線・ケーブル","0.000000629949416349637","0.000001570209527092108","0.000001036153477116736","0.000001324282853111633","0.000002430571510242334","0.00004500612757854284","0.00005075405141094902","-0.0000369640471668204","0.0017350555942909915","0.0011646750505420371","0.0005057247025511143"
"2729 その他の非鉄金属製品","0.000007783511855244834","0.000006169207216877606","0.000004794598601947597","0.00001761231648976041","0.000002997147551718216","0.000020904967386977912","0.000026681027759694294","-0.00017086889541714157","0.006990176101005289","0.0019208088748240686","0.0008361357199580256"
"2811 建設用金属製品","0.000003371981428323419","0.000011225974348928065","0.000006031752461561203","0.000007503380203055927","0.000014749219038400213","0.0007558650062013401","0.0004070502619707738","0.000027298942575653795","0.0003130111322844411","0.002588585364864385","0.0011649673347960707"
"2812 建築用金属製品","0.000002131491514778449","0.000007765020579944884","0.000003645739555521906","0.000004510501891277113","0.000008698608727033504","0.0001096023002677373","0.0001336139066956468","-0.000000751531283445452","0.000006035540383703045","0.00043045178803838584","0.00020011030547540965"
"2891 ガス・石油機器・暖厨房機器","0.000000384786776950597","0.000001099965465429256","0.000000301250201901177","0.000000370030771038816","0.000000724748097077006","0.000005320535748727754","0.000007724894746293889","0.000000086936311503472","0.000000355248938525569","0.000000321747345983344","0.00000126352205509335"
"2899 その他の金属製品","0.0002378648778067194","0.0001431432625251285","0.00010466038863963948","0.00011095336464682264","0.00021488072209395907","0.0005118586896242506","0.000507546647802887","-0.0003228558200276582","0.004147666786091202","0.004228218218750468","0.0019268711340173616"
"2911 ボイラ・原動機","0.0","0.0","0.0","0.0","0.0","0.0","0.0","0.0","0.00015092775933760232","0.00008225325070818632","0.00003537861754261386"
"2912 ポンプ・圧縮機","0.000000000960902246398","0.000000006831944580518","0.000000001645198341582","0.000000001658046230174","0.000000002954322242733","0.000000282249791303739","0.000000225151233072726","0.000000014201845472958","0.0005923858114580141","0.0002173895530831306","0.00009381651259068131"
"2913 運搬機械","0.000000081588617946539","0.00000008772557324002","0.000000144491796117494","0.000000100895627372833","0.000000164016400211551","0.000005197140651114104","0.000030338921166835827","0.000000594541748461313","0.00007119458169479206","0.0001305615388579932","0.00005827995479118091"
"2914 冷凍機・温湿調整装置","0.000006037611549798454","0.000006418523436615222","0.000010759646343760861","0.000006649034331339333","0.00001022668491843309","0.0002866575628653501","0.002200831993995301","0.001822247724961901","0.009662269072869833","0.02497629334392802","0.010876239909986686"
"2919 その他のはん用機械","0.00001249618971474876","0.00001938205641066001","0.000020248645233117664","0.000011136971100145179","0.00003113387480726183","0.00012240443168783427","0.0017586365699196107","0.0011689435103942527","0.023675763365201156","0.004408179764051562","0.002067753843160272"
"3011 農業用機械","0.000000820515165900638","0.000000870243989145235","0.000001464473359555859","0.000000886244378778754","0.000001352731587822014","0.000001959790135330858","0.00017115416448065468","0.00007897736018618123","0.0014941051229872776","0.000546541393827896","0.0002492297253671638"
"3012 建設・鉱山機械","0.0","0.0","0.0","0.0","0.0","0.0","0.0","0.0","0.0020961110051068046","0.0006209590842658133","0.00026849843670733733"
"3013 繊維機械","0.000000788261895844731","0.000001925243848537616","0.000001406907019872679","0.000000851407387980533","0.000001299557656335581","0.000001590560752962162","0.000021958293028892897","-0.00046245350956085736","0.009757306432313713","0.004872330767148041","0.0020946036868310044"
"3014 生活関連産業用機械","0.000004330126655597989","0.000004592561906074549","0.000007728504473973223","0.000004677001190723241","0.000007138806629939638","0.000009907693501384855","0.00034134022524972554","0.0004198065629327522","0.008666307683945702","0.002302179149618146","0.0010277172515615553"
"3015 基礎素材産業用機械","0.000002843916509568874","0.000003059218559163403","0.000005035204276866458","0.000003531761389849069","0.000005751426850444976","0.00033560754651553224","0.0027854748552615283","0.00023926448070581724","0.0027838363173562424","0.0002009848132388069","0.00030261353219485776"
"3016 金属加工機械","0.000013635986636502947","0.000015908678174348683","0.00002347449484593766","0.000014707743339587795","0.00002363832334765989","0.00005186468260507433","0.0012575954891987755","-0.0004425912723806722","0.003970258152261863","0.0012905292561309482","0.0006513456194006235"
"3017 半導体製造装置","0.000000000297528797498","0.000000000315561074775","0.000000000531035885435","0.000000000321363011028","0.000000000490516957381","0.000000053349306316201","0.00001573982613573432","0.000000275368717400895","0.0007734891247628469","0.00012920913633257249","0.00005749025350674752"
"3019 その他の生産用機械","0.000001664708800477894","0.000001766905148794112","0.000002970491458678806","0.000001801768137949262","0.000002755058590516433","0.000012624791320147167","0.00023643628049364393","0.000026670845099549013","0.0022591375331792746","0.0006592250803592176","0.00030340323347929134"
"3111 事務用機械","0.00007658620593407164","0.000057066587351151445","0.00008261390659149719","0.00005507653252265299","0.00007600067411083039","0.00012195228743398445","0.0005690905352195942","0.0002778269543730311","0.0008263371759815079","0.00018949621144339577","0.00015604497380402902"
"3112 サービス用機器","0.000000134005707077986","0.000000043953786309289","0.00000001505505165618","0.000000009068072923805","0.000000013659419902734","0.000000111708043186448","0.000004218608600823133","0.000000031206401912799","0.000000016594314838658","0.000002944938468434677","0.000001579402568866705"
"3113 計測機器","0.000001265554034832492","0.000002744642104674128","0.000000450680727912099","0.000002163822848752475","0.00000099890207310585","0.000012569031361828617","0.000053431410018856545","0.000015803674958883883","0.002150563379118402","0.0004874638478964611","0.00021700991296228297"
"3114 医療用機械器具","0.000001758843516660824","0.000001721001411102513","0.000004682947495488805","0.00002168854946129311","0.000000630583111644852","0.000006248155376006766","0.000028888511644826003","0.000003997458729022326","0.000147057534975602","0.00007826966086728237","0.00003885330319412054"
"3115 光学機械・レンズ","0.000003452985429982915","0.00008976613862321239","0.000006081912268174249","0.00001182109540799751","0.000032617235823867076","0.00003320067068462272","0.00028620482565709074","-0.0008922154868217921","0.000009330085958622899","0.0007427584413072215","0.0003601037857016051"
"3116 武器","0.0","0.0","0.0","0.0","0.0","0.0","0.0","0.0","0.0","0.0","0.0"
"3211 電子デバイス","0.000000449738963967291","0.00000068541127944921","0.000000509813087969505","0.000000352851658214293","0.000000498922874388799","0.000001088147972629309","0.000002138774774957925","0.000004345174907762767","0.00013399895466065232","0.00001610041297808998","0.000007581132330560093"
"3299 その他の電子部品","0.00002521491422703468","0.000044079299560790245","0.00004026761964441932","0.00004739587574184602","0.00008620393299554631","0.000045899030546276136","0.00004445319737718165","-0.000047188431957169994","0.0029547030227148915","0.0011343758741368362","0.000514253476422994"
"3311 産業用電気機器","0.000003326791539917195","0.000007591808923090566","0.000005416857971215361","0.000004415279061208114","0.000007737305467663094","0.00011293585117287201","0.0007977920438273354","0.00002392259266265747","0.001618202992665153","0.0004981450064876089","0.00027892249366185773"
"3321 民生用電気機器","0.000000329311195710596","0.00000113082418205054","0.000000009555221344656","0.000000019162971089175","0.000000052825399289199","0.000000071548487797421","0.000000593075969019938","-0.000000149679769590668","0.00003125974287137222","0.00033262460667889094","0.0001426200519686622"
"3331 電子応用装置","0.000000148217740395034","0.000000272090377062026","0.000000253480825034145","0.000001316451419722394","0.000002143176273025353","0.000010999474318711912","0.000018263968830728348","0.000001787783355164708","0.00006336153182844836","0.000021502111343914386","0.000011213758238953503"
"3332 電気計測器","0.000000000530258385786","0.000000000738888224998","0.000000001016482748549","0.000000009007196786292","0.000000020337656921399","0.000000404407833656599","0.000001533881931451418","-0.000000438303634608714","0.0012287314282988923","0.00010818299290548619","0.00004817177835043405"
"3399 その他の電気機械","0.0000936647532509874","0.0003711354872443656","0.000032667873109219056","0.000045928380256796596","0.00006161312009446365","0.000624517834991863","0.001167735390822363","0.00404609537214081","0.01209265126847726","0.003065329307847263","0.0015959862958397893"
"3411 民生用電子機器","0.0","0.0","0.0","0.0","0.0","0.0","0.0","0.0","0.0","0.000002956238068807919","0.000001263522055093352"
"3412 通信機械","0.0","0.0","0.0","0.0","0.0","0.0","0.0","0.0","0.0","0.00016961415919785437","0.00007249457791098107"
"3421 電子計算機・同附属装置","0.000000002641851894541","0.000000647641248130432","0.000000004575053728765","0.000000002740535098044","0.000000004171084111714","0.000000826965728284107","0.000002872122771031957","-0.00000116492954854768","0.0001925494547343248","0.000020515223091116187","0.00000947641541320014"
"3511 乗用車","0.0","0.0","0.0","0.0","0.0","0.0","0.0","0.0","0.0","0.0","0.0"
"3521 トラック・バス・その他の自動車","0.0","0.0","0.0","0.0","0.0","0.0","0.0","0.0","0.0","0.0","0.0"
"3522 二輪自動車","0.0","0.0","0.0","0.0","0.0","0.0","0.0","0.0","0.0","0.0","0.0"
"3531 自動車部品・同附属品","0.000000106795439040703","0.000000494453551702705","0.000000118748870533454","0.000000170607343940484","0.000000372997122120699","0.000000281488033214823","0.000000131154572467014","-0.000000576715869196859","0.0005253201765825686","0.00029446204272659396","0.00012682602627999513"
"3541 船舶・同修理","0.00001680327035277731","0.00003356511428473451","0.000015076470119342673","0.0001868076656325421","0.0004173691530867991","0.0006266215707371358","0.002147527539481434","-0.0003753259475996948","0.00506890617067929","0.0010227399828902494","0.000650555918116189"
"3591 鉄道車両・同修理","0.0","0.0","0.0","0.0","0.0","0.0","0.0","0.0","0.0","0.00019104688519671177","0.00008165511281040788"
"3592 航空機・同修理","0.0","0.0","0.0","0.0","0.0","0.0","0.0","0.0","0.0","0.0","0.0"
"3599 その他の輸送機械","0.000000058466164153483","0.000000724002189843901","0.000000101640714967191","0.000000226596916918508","0.000000699121602739844","0.000003507507932612732","0.000023902505317260887","0.000000553924671313077","0.000029632510657910516","0.000016830552239870003","0.000009318475156313468"
"3911 がん具・運動用品","0.00020774467631915904","0.0001415292658176044","0.00009502695662446154","0.00004889893538362579","0.00003454173763653346","0.00001552635367388032","0.00021412456767022452","0.00034771293361302957","0.00035350036234640866","0.00015826008921053918","0.0001413565299135687"
"3919 その他の製造工業製品","0.00043573998416396515","0.00016734661808223475","0.0001305856917326204","0.000060540560467288065","0.00007426258289212977","0.00017257849545601197","0.00030473187506451226","-0.00023509924314927942","0.0020486363315969157","0.0020987104650997315","0.0009923386340189421"
"3921 再生資源回収・加工処理","0.0000766039904674889","0.00015035957508352082","0.00005748588020410339","0.00004707673488531921","0.000043272811099005575","0.00040298494428584575","0.00015110026420566628","0.0018863335302562695","0.0012543644245841667","0.0017745449268551233","0.0008574576546377266"
"4111 住宅建築","0.0","0.0","0.0","0.0","0.0","0.012292381066117079","0.08552780537994367","0.0","0.0","0.0","0.006471917906445037"
"4112 非住宅建築","0.0","0.0","0.0","0.0","0.0","0.0731467916033235","0.0531492131748458","0.0","0.0","0.0","0.006125396982835684"
"4121 建設補修","0.0013835048603742363","0.00461922636764876","0.002481810009279799","0.003088226745998065","0.0060710015591827725","0.0011136609097356905","0.0006884873798429528","0.0010389648387433023","0.0020221075010022666","0.0022698859559733752","0.0029827017513047445"
"4131 公共事業","0.0","0.0","0.0","0.0","0.0","0.3108264966849633","0.0","0.0","0.0","0.0","0.009981192474209935"
"4191 その他の土木建設","0.0","0.0","0.0","0.0","0.0","0.0","0.05739898552077637","0.0","0.0","0.0","0.004078491253584454"
"4611 電力","0.002278547661973124","0.005515486306694859","0.002562781066790807","0.0020889845917071988","0.0021325005393475686","0.001285942149469821","0.0009065916678062638","0.0015419424452501177","0.0037308591812481263","0.006661685887445442","0.005018709602830799"
"4621 都市ガス","0.0017353446304222322","0.001434934720479282","0.0011137511435807754","0.0010447955091484316","0.000982432224443384","0.0003380314298055653","0.0002506788839761213","0.0003048211081940415","0.0008328236193599544","0.0008657978990971345","0.0010138185089555278"
"4622 熱供給業","0.000017698142995513555","0.00001913151723488428","0.000021400928550888044","0.000024994155439265878","0.00004483475632257176","0.000004779158727995946","0.000004071958446232739","0.000003256275297209175","0.000020588152387667867","0.000016972870655284264","0.000017531368514420265"
"4711 水道","0.0029261431780997905","0.007950077143746211","0.003377319617492664","-0.0025357013873280867","0.007694261250667292","0.0007778373934052811","0.00048471461588335914","0.0003223527109314715","0.0012004829996628415","0.0011088284291848273","0.002967855367157396"
"4811 廃棄物処理","0.0036318729509861765","0.0018965267029605758","0.0015035759982603377","0.011681271161108678","0.023274348960846805","0.0017649984008621716","0.0005488678325223994","0.00019421598279062847","0.0006699184935796839","0.0011685098086693024","0.002844188146015136"
"5111 卸売","0.02360558999447603","0.022173263593504272","0.009528289089925266","0.009631095281198914","0.0043192165395114735","0.02168444806340006","0.030469024113462858","0.012007264875609411","0.019921152062824913","0.023622694061804582","0.021588064012554347"
"5112 小売","0.05419302171335072","0.07007416838803192","0.008307048176429273","0.003868911934314611","0.0041237197804918566","0.006143166832643972","0.01244312335828506","0.000613530444813688","0.0017758330115752016","0.011547320844958619","0.02943042952800502"
"5311 金融","0.0032899799845229334","0.02540602658762645","0.01572604068713365","0.008445353781453233","0.01840039791054242","0.009914557515419314","0.004336414607620095","0.0015064222192543277","0.004427593207868658","0.004722854197672019","0.012025255278837212"
"5312 保険","0.0010235513362345115","0.02626941147982068","0.0010451078894021814","0.0009890506225288353","0.0006943935569400403","0.0020159880979499557","0.0010515125292089595","0.0004937657683172038","0.00160822348230502","0.0025578404187454533","0.009664838139665935"
"5511 不動産仲介及び賃貸","0.006468214136127191","0.009075527663928586","0.0076871438433034","0.008729773590767596","0.0022113870914975066","0.004041488802935159","0.003962128781139532","0.0016662702601269814","0.003258682414038821","0.004343130061331207","0.006254907993482753"
"5521 住宅賃貸料","0.0","0.03726756203278709","0.0","0.0002465723480183642","0.0","0.0","0.0","0.0","0.0","0.0","0.01178313286502994"
"5531 住宅賃貸料（帰属家賃）","0.0","0.12660571947660712","0.0","0.000711413307952247","0.0","0.0","0.0","0.0","0.0","0.0","0.04001653318609089"
"5711 鉄道旅客輸送","0.0007786200350901261","0.002473301827436949","0.0010557713273774622","0.0010678536750758768","0.0016427024527509934","0.0005926820354345585","0.0003255691037119757","0.00013086279236745302","0.000537240605509235","0.001658188491740561","0.0016901186889442458"
"5712 鉄道貨物輸送","0.0","0.0","0.0","0.0","0.0","0.0","0.0","0.0","0.0","0.00010938080854589301","0.00004675031603845403"
"5721 道路旅客輸送","0.002586053777348274","0.0038645382588194245","0.0010234893802196876","0.0007846186895361937","0.0017829231126859704","0.0005407039427148278","0.00027556505154756637","0.00008721233476679968","0.0003718943830807096","0.0006740205588442737","0.001700068925128105"
"5722 道路貨物輸送（自家輸送を除く。）","0.011600586326667708","0.007223010244042256","0.003034255440168387","0.0026633719603943507","0.002047830317705257","0.009124612069510818","0.007418873661066801","0.005513062962803511","0.006780391923526583","0.012119785953853112","0.00884260116231394"
"5731 自家輸送（旅客自動車）","0.0","0.0","0.0","0.0","0.0","0.0","0.0","0.0","0.0","0.0","0.0"
"5732 自家輸送（貨物自動車）","0.0","0.0","0.0","0.0","0.0","0.0","0.0","0.0","0.0","0.0","0.0"
"5741 外洋輸送","0.0","0.0","0.0","0.0","0.0","0.0","0.0","0.0","0.0","0.0011270657637330191","0.0004817177835043405"
"5742 沿海・内水面輸送","0.00010055983698395415","0.0002833019493440086","0.00008503160834498449","0.00006966220766379402","0.00008182997835967727","0.00029914367147402876","0.00013542761789632574","0.0007776972682898668","0.0004414490761374358","0.0015909620120022428","0.0008077064737184251"
"5743 港湾運送","0.00021629947430503588","0.0003338000976507784","0.00018724255049569377","0.00014867103544669938","0.00012326242846325886","0.0010770582945377183","0.0005335451070239647","0.0024214162091118017","0.0013620889457506243","0.004468118870726851","0.0021358260938784245"
"5751 航空輸送","0.000006909768775131859","0.000019234051947282666","0.000010041467718032718","0.000006306677352052735","0.000006130038623997587","0.000002655874101135807","0.000002284883159088162","0.000000984004145900081","0.00000351828235938477","0.00008499235787214875","0.0000435915109007206"
"5761 貨物利用運送","0.00010479275072208464","0.00011369424849494371","0.00005034080912456432","0.00004694845218473283","0.000028400171103475747","0.00013934786829131686","0.00011385243824981432","0.00012889543047260168","0.00013203305714751465","0.0003765850608645983","0.00021811549476048986"
"5771 倉庫","0.0007614831951953089","0.0007420951054300009","0.00041110272451842393","0.0007254529143633137","0.0011601764312302331","0.0007154346557388691","0.0005572850604107663","0.002450598255692492","0.001380609755599626","0.0016271372845056697","0.0011267457926294967"
"5781 こん包","0.00011441506121312763","0.00018877866089309002","0.00003119220356869226","0.00003364068619654692","0.00004038605389245666","0.00007515730711777687","0.00008209983675901268","0.00010164165392453487","0.00042599037549942204","0.00029348675613370174","0.00020090000675984304"
"5789 その他の運輸附帯サービス","0.0014853559037549754","0.003510429525913903","0.0006435206633938816","0.0005960338143029791","0.000948887878592237","0.0017947211457870452","0.0007880198387797869","0.0003051390063180279","0.00047513399136895923","0.004333908054989374","0.003180442952926854"
"5791 郵便・信書便","0.001090189497016455","0.001365448655853988","0.003160990961934427","0.0012198150318250423","0.002213648433443557","0.0005111777321848394","0.0002628577418383797","0.00009671435436530383","0.0003079552319124642","0.000535834075155102","0.0008993118227126937"
"5911 電気通信","0.006723650627276734","0.024337521631695974","0.007146360601443765","0.0027247367251039775","0.0036533202865292524","0.003279888303399907","0.0014765447023430414","0.00046545893966734613","0.0013389132661370696","0.004377360735873084","0.010260272908128677"
"5919 その他の通信サービス","0.00002250982856651392","0.00007354154071540765","0.000020398332098235","0.00003277385910814854","0.00009167003426617962","0.000015774864568366567","0.000009138294654565693","0.000015244151412058237","0.000012737546372338708","0.000048379467446806454","0.000050540882203734057"
"5921 放送","0.0008652399839495867","0.0014157203614053127","0.00014192228555282257","0.00008667574509775339","0.00005268109442793402","0.00006221830707611557","0.00004445211233863186","0.000017617009948304364","0.000047025854066490915","0.0010616663626462676","0.0009290045910073869"
"5931 情報サービス","0.0004403514825156345","0.0009059846058433584","0.001307836822832118","0.000653740625823945","0.0009383487559048305","0.0026157968028279444","0.00652683787290873","0.00010392881040555996","0.00041048332509646126","0.0007186332530472656","0.0012422001204136517"
"5941 インターネット附随サービス","0.00015540483023774703","0.0002310696742380736","0.00008002981591166302","0.00004091739277897582","0.00006120070697246502","0.000046202734432448115","0.0000439116934925866","0.000013203875633393876","0.0000437868377420543","0.00010604618916944243","0.00013109041321593526"
"5951 映像・音声・文字情報制作","0.0008056110149608839","0.000826748415547237","0.0018302147234520404","0.0006961971264010476","0.0009290740817543544","0.00030926416839409144","0.00028498163326768657","-0.00004820322276483395","0.00025157734264561653","0.0007278635235136723","0.0007154693636966111"
"6111 公務（中央）","0.000032827045913986056","0.00011179139755775313","0.00009706327658413491","0.0406089615464045","0.09001448163189477","0.0001492901584595403","0.00008966995912343313","0.000018740876098692623","0.000042533160756654774","0.00011596694606163571","0.005747130067592114"
"6112 公務（地方）","0.00012506284815105284","0.0032377631042459195","0.00036978684747607606","0.1278627632613342","0.4683804279504499","0.0005687582265791827","0.0003416201540324137","0.00007139805841469009","0.00016204072212381215","0.0004418051080151739","0.021905523928896557"
"6311 学校教育","0.0","0.010175339988970262","0.0747622682644071","0.12387969610701145","0.09521022724526983","0.0","0.0","0.0","0.0","0.0030873389951665037","0.019596595313470345"
"6312 社会教育・その他の教育","0.0002720037783749609","0.001467438270531999","0.046110496120571165","0.007674461247781518","0.00893421810048863","0.00034367577702959246","0.00024466731257437573","0.000060595972730616526","0.00038974998676920194","0.00032458874217619285","0.0019508780530641345"
"6321 学術研究機関","0.00010220829719194615","0.00024515239798082115","0.004616242483931241","0.008469809916565688","0.008089920195121742","0.00043605880179285375","0.00009955223409024586","0.00005485658026555953","0.0003455176018259905","0.00025070875427101006","0.001258625907129865"
"6322 企業内研究開発","0.000958579882344545","0.001213608270622247","0.0007948166092038824","0.0026032386147147","0.0008077969193146156","0.001949837112352185","0.001753088028438598","0.003360293823062382","0.017139154480304265","0.012786835400532047","0.006399581268790949"
"6411 医療","0.013869581345110267","0.017476613480539673","0.0","0.21136872753100647","0.0","0.0","0.0","0.0","0.0","0.0","0.027873928296386897"
"6421 保健衛生","0.013787219973417059","0.00047843097502160096","0.0006923521276874163","0.005494798624175117","0.00038793241287478873","0.000040542154281110984","0.000027158679277409725","0.00006354674265305366","0.00004266736528492993","0.00006979545270252197","0.0009661205513757545"
"6431 社会保険・社会福祉","0.00035276954610465326","0.0037780287303005662","0.2724728106125566","0.0402898571057851","0.010856616082720982","0.0","0.0","0.0","0.0","0.0","0.007793246095558909"
"6441 介護","0.0","0.0014508327324714893","0.0","0.09890715448061704","0.0","0.0","0.0","0.0","0.0","0.0","0.010829805474462008"
"6599 その他の非営利団体サービス","0.001165824873552142","0.005451133424288735","0.24320729416464582","0.0006921363697458934","0.00036023042350186683","0.0009508075436834473","0.0004871860985995284","0.000356249678913858","0.000899463585473538","0.004371658103689432","0.005719648462893835"
"6611 物品賃貸業（貸自動車業を除く。）","0.001292543569518682","0.0012448599868235299","0.0017785755580764626","0.002423307654470886","0.0025491082130539486","0.006741872392727975","0.0030168512816797026","0.0003054182188972108","0.0010509286694663261","0.0015504901262884565","0.0018169447152242418"
"6612 貸自動車業","0.0005776524927913852","0.0007529062308234967","0.0005631032821399696","0.0006125514641536932","0.0008416087072431515","0.0017255964713919552","0.000740122809104666","0.00016243688206748653","0.00035968555833587205","0.0008559618085686909","0.000803442086782485"
"6621 広告","0.00022881585980909504","0.00024037511691359223","0.00018439181259785462","0.00009967429764810825","0.00011797369393835669","0.00009587122601892659","0.00007951381498519903","0.00003959066925237304","0.00012499998248175146","0.00022334474361653534","0.00019758326136522277"
"6631 自動車整備","0.0011682223863201668","0.005363817528318291","0.0012992595574894347","0.001867424304476869","0.004084700120108608","0.0030755008580619467","0.001415472351872264","0.0003245923066876881","0.0006521950667452561","0.0010639183323879699","0.002636338767952279"
"6632 機械修理","0.0012465383504108904","0.0013220870884127678","0.0022248488287692665","0.0013463951087012234","0.0020550891343750683","0.0022627040387627026","0.0009378156168404145","0.0008236394295872046","0.0025256134645420592","0.002338224886786618","0.0017761961289474815"
"6699 その他の対事業所サービス","0.007980531892304073","0.011731733227919414","0.01904460037062878","0.014764855686651236","0.01865543205517731","0.03554864420655454","0.020168467716325144","0.0016369280612857397","0.006426934701541942","0.006832464241992993","0.011324632299287946"
"6711 宿泊業","0.004718708380689276","0.0005035233221204178","0.0","0.0","0.0","0.0","0.0","0.0","0.0","0.007563788442759309","0.0034579439842767315"
"6721 飲食サービス","0.14984040742644592","0.019639961352591495","0.0009148730883431275","0.0019465333875445972","0.00006035191070284268","0.00008587129094772895","0.00005157952406263832","0.00002001338409311614","0.00002729614625182967","0.0011521935647134064","0.009011755177439563"
"6731 洗濯・理容・美容・浴場業","0.0018450602415969804","0.008097371689842162","0.002729964356019952","0.0042440194359853614","0.00019297514775904742","0.00007801133582438644","0.00003332855342111666","0.0000149802969014766","0.0000370688912877406","0.0004899595088227643","0.0032650989306181087"
"6741 娯楽サービス","0.054811773402784515","0.015389615299116676","0.00024834090569312813","0.00013170402976196626","0.0001218908097748005","0.0001790530493693542","0.00011526925924427624","0.00001760283623238013","0.00006598220437282257","0.0017035969676735322","0.006384892824900484"
"6799 その他の対個人サービス","0.0039053397073608898","0.012945352937359569","0.0009826876915831906","0.00035658779140261966","0.00033173547674932176","0.0003498119444416988","0.00020915183046160292","0.0000512229581217807","0.0004416949664768694","0.0002536959324827546","0.0043250359945845454"
"6811 事務用品","0.0","0.0","0.0","0.0","0.0","0.0","0.0","0.0","0.0","0.0","0.0"
"6911 分類不明","0.0","0.0","0.0","0.0","0.0","0.0","0.0","0.0","0.0","0.0","0.0"
" 合計","0.4071863990685831","0.5305440886001158","0.7572874686519367","0.761889133018347","0.804023682555572","0.5552804714728612","0.3319628194403616","0.2093290066625042","0.40573399139033256","0.45615999046768035","0.5106230616781975"
